{
    "type": "APL",
    "version": "1.7",
    "license": "Copyright 2021 Amazon.com, Inc. or its affiliates. All Rights Reserved.\nSPDX-License-Identifier: LicenseRef-.amazon.com.-AmznSL-1.0\nLicensed under the Amazon Software License  http://aws.amazon.com/asl/",
    "theme": "dark",
    "import": [
        {
            "name": "alexa-layouts",
            "version": "1.4.0"
        }
    ],
    "graphics": {
        "nfjsLogo": {
            "type": "AVG",
            "version": "1.0",
            "width": 88,
            "height": 48,
            "items": [
                {
                    "type": "path",
                    "fill": "#f78d1e",
                    "pathData": "M12.27 33.83h9.66l2.86-16.36.08-.46q.12-.68.22-1.2c.07-.35.14-.63.2-.85a3.62 3.62 0 01.22-.67 5.35 5.35 0 01.35-.63h-3.64a2.7 2.7 0 01.13.6 4.55 4.55 0 010 .63v.52c0 .09 0 .42-.08.67s-.08.53-.13.83l-2.35 13.41a.42.42 0 01-.12.23.36.36 0 01-.25.1h-.1a.19.19 0 01-.11 0l-.08-.06v-.06l-5.34-16.77-.07-.2H3.49a2.73 2.73 0 01.13.6 4.41 4.41 0 010 .63v.52c0 .09 0 .42-.09.67s-.08.53-.13.83L1.09 30.42q-.08.46-.15.83c-.05.25-.1.48-.16.7s0 .17-.06.26 0 .17-.06.26a5.18 5.18 0 01-.24.63 3.07 3.07 0 01-.33.57l-.05.06h3.71a2.61 2.61 0 01-.12-.62 3.22 3.22 0 010-.65q0-.36.1-.88c.05-.35.12-.75.2-1.2L6.3 16.82a.4.4 0 01.13-.24.38.38 0 01.25-.08h.18a.14.14 0 01.08.08l5.18 16.65.16.46m73.02-20.1H71.03a5 5 0 00-1.76.29 4.31 4.31 0 00-1.41.88 4.43 4.43 0 00-1 1.42 8.14 8.14 0 00-.62 2.1l-.83 4.69a7.73 7.73 0 00-.13 2.11 2.29 2.29 0 00.45 1.24 2 2 0 001.06.63 6.85 6.85 0 001.88.21h6.38a5.7 5.7 0 01.79 0 1 1 0 01.53.21.57.57 0 01.26.39 1.66 1.66 0 010 .58l-.25 1.43v.11a.44.44 0 010 .11 1.49 1.49 0 01-.21.47 1.06 1.06 0 01-.4.34 1.61 1.61 0 01-.59.16 7.21 7.21 0 01-.74 0h-7.63a8 8 0 01-1.05.01 3.75 3.75 0 01-.82-.2l-.36-.15-.34-.15v3.35h13.82a7.43 7.43 0 002.31-.31 3.64 3.64 0 001.47-.86 5.4 5.4 0 001-1.51 8.48 8.48 0 00.62-2.1l.9-5.07a4.46 4.46 0 000-1.8 2.12 2.12 0 00-.67-1.2 3.37 3.37 0 00-1.37-.68 8.17 8.17 0 00-2.07-.23h-5.62a5.82 5.82 0 01-.79 0 1.47 1.47 0 01-.58-.18.48.48 0 01-.2-.29 1.7 1.7 0 01-.05-.42.39.39 0 010-.15v-.15l.21-1.24a2 2 0 01.2-.59 1 1 0 01.38-.39 1.58 1.58 0 01.63-.21 6.19 6.19 0 01.82 0h8.13a6.06 6.06 0 01.66.1 3 3 0 01.55.11l.51.15v-3.29"
                },
                {
                    "type": "path",
                    "fill": "#f78d1e",
                    "pathData": "M9.77 33.41s-1.87 9.73 8.21 9.73 23.92-14 27.22-19.46 9.19-19.55-3-20.53c0 0-8.84-.89-18.74 8.66h-1.91S37.08-3.03 47.07.56s5.54 17.58 3 21.51c0 0-8.83 16.87-25.88 22.23 0 0-12 3.93-15.44-4.55a15.08 15.08 0 01-.45-6.52l1.43.18"
                },
                {
                    "type": "path",
                    "fill": "#f78d1e",
                    "pathData": "M44.49 21.53l-.61.18-.67.15c-.28 0-.59.08-.93.1s-.72 0-1.14 0h-5.57a.25.25 0 01-.22-.1.29.29 0 010-.23l.86-4.95a.39.39 0 01.13-.24.38.38 0 01.25-.08h7.5c.35 0 .66.07.92.11a3.07 3.07 0 01.56.11l.51.15v-3.22h-17a3.15 3.15 0 01.1.47c0 .16 0 .33.05.5a7 7 0 010 .94q-.05.55-.18 1.3l-2.46 13.85q-.12.72-.27 1.3a8.21 8.21 0 01-.3 1l-.22.47a4.2 4.2 0 01-.26.47h8.11c0-.15-.06-.31-.09-.47a2.79 2.79 0 010-.5 7 7 0 01.06-1c0-.39.11-.82.19-1.3l1-5.46a.4.4 0 01.13-.24.38.38 0 01.25-.08h6.7l.89.11h.41l.39.08h.07l.41-.56z"
                },
                {
                    "type": "path",
                    "fill": "#f78d1e",
                    "pathData": "M9.77 33.41s-1.87 9.73 8.21 9.73 23.92-14 27.22-19.46 9.19-19.55-3-20.53c0 0-8.84-.89-18.74 8.66h-1.91S37.08-3.03 47.07.56s5.54 17.58 3 21.51c0 0-8.83 16.87-25.88 22.23 0 0-12 3.93-15.44-4.55a15.08 15.08 0 01-.45-6.52l1.43.18"
                },
                {
                    "type": "path",
                    "fill": "#f78d1e",
                    "pathData": "M55.49 13.59a1.93 1.93 0 01.06.31c0 .12 0 .23.06.34v.33a7.28 7.28 0 010 .94c0 .37-.1.8-.18 1.3l-2 11.25a6.86 6.86 0 01-.4 1.46 2.21 2.21 0 01-.63.91 2.15 2.15 0 01-.92.44 5.27 5.27 0 01-1.12.11h-6c-.79.91-1.66 1.85-2.6 2.8h11.57a12.55 12.55 0 002.57-.25 10.6 10.6 0 002.2-.7 3.68 3.68 0 001.54-1.58 10 10 0 001-3.21l2-11.25q.13-.75.26-1.3a7.88 7.88 0 01.29-1c.05-.13.11-.26.16-.39s.14-.13.14-.28l.06-.11.06-.11z"
                }
            ]
        }
    },
    "mainTemplate": {
        "parameters": [
            "payload"
        ],
        "item": [
            {
                "alignItems": "center",
                "type": "Container",
                "items": [
                    {
                        "type": "Image",
                        "source": "${payload.home.backgroundImage}",
                        "width": "100vw",
                        "height": "100vh",
                        "scale": "best-fill"
                    },
                    {
                        "position": "absolute",
                        "items": [
                            {
                                "source": "nfjsLogo",
                                "scale": "best-fit",
                                "type": "VectorGraphic",
                                "width": "50vw",
                                "height": "40vh"
                            },
                            {
                                "text": "NO FLUFF JUST STUFF",
                                "fontFamily": "arial narrow",
                                "fontSize": "5vw",
                                "type": "Text"
                            },
                            {
                                "text": "${payload.home.textBlurb}",
                                "fontSize": "3.5vw",
                                "textAlign": "center",
                                "fontStyle": "normal",
                                "color": "#f78d1e",
                                "fontFamily": "arial narrow",
                                "type": "Text",
                                "width": "50vw"
                            }
                        ],
                        "alignItems": "center",
                        "justifyContent": "center",
                        "type": "Container",
                        "width": "100vw",
                        "height": "100vh"
                    }
                ]
            }
        ]
    },
    "onMount": [
        {
            "type": "SpeakItem",
            "componentId": "PlantHeadline"
        }
    ]
}
